{
  "vagas": [
    {
      "id": 1,
      "nome": "Desenvolvedor WEB",
      "foto": "foto1.jpg",
      "descricao": "Trabalhar com HTML, CSS, JS",
      "salario": 3500
    },
    {
      "id": 2,
      "nome": "Desenvolvedor Front-End e Back-End",
      "foto": "foto2.jpg",
      "descricao": "Trabalhar com Spring Boot",
      "salario": 15000
    },
    {
      "id": 3,
      "nome": "Cientista de Dados",
      "foto": "foto3.jpg",
      "descricao": "Trabalhar com Panda, Python, AWS",
      "salario": 10000
    },
    {
      "id": "4",
      "nome": "teste",
      "foto": "foto4.jpg",
      "descricao": "teste",
      "salario": "10000"
    }
  ]
}